{
    "step": [
        0
    ],
    "train_loss": [
        2.6243839263916016
    ],
    "val_loss": [],
    "train_r2": [
        -0.6945896037747035
    ],
    "val_r2": [],
    "learning_rate": [
        0.001
    ],
    "cpu_usage": [
        16.2
    ],
    "memory_usage": [
        5.7
    ],
    "gpu_usage": [
        82
    ],
    "gpu_memory": [
        100.0
    ]
}