{
    "step": [
        0,
        10,
        20,
        30,
        40,
        50,
        60,
        70,
        80,
        90,
        100,
        110
    ],
    "train_loss": [
        2.6243839263916016,
        0.5203325152397156,
        0.7488625049591064,
        0.36374330520629883,
        0.21806272864341736,
        0.3863116502761841,
        0.13812628388404846,
        0.2812332808971405,
        0.11299465596675873,
        0.25911715626716614,
        0.3149835467338562,
        0.23304179310798645
    ],
    "val_loss": [],
    "train_r2": [
        -0.6945896037747035,
        -0.08062884590317099,
        0.29071826238980447,
        0.3875449227142115,
        0.4874359192771671,
        0.5515569479291225,
        0.6139159114705703,
        0.6488070870090216,
        0.6771374278245625,
        0.6982199111239493,
        0.7159850437272921,
        0.7341411046188977
    ],
    "val_r2": [],
    "learning_rate": [
        0.001,
        0.001,
        0.001,
        0.001,
        0.001,
        0.001,
        0.001,
        0.001,
        0.001,
        0.001,
        0.001,
        0.001
    ],
    "cpu_usage": [
        16.3,
        13.6,
        14.2,
        15.8,
        15.3,
        15.2,
        14.2,
        15.2,
        15.4,
        14.1,
        15.2,
        15.0
    ],
    "memory_usage": [
        6.2,
        6.2,
        6.2,
        6.2,
        6.2,
        6.2,
        6.2,
        6.2,
        6.2,
        6.2,
        6.2,
        6.2
    ],
    "gpu_usage": [
        6,
        7,
        0,
        4,
        4,
        14,
        5,
        4,
        46,
        75,
        37,
        43
    ],
    "gpu_memory": [
        100.0,
        96.21391174270755,
        83.22520343083352,
        83.22520343083352,
        83.75164943919067,
        83.22520343083352,
        83.22520343083352,
        83.22520343083352,
        83.22520343083352,
        83.22520343083352,
        83.22520343083352,
        83.22520343083352
    ]
}