{
    "step": [
        0,
        10,
        20,
        30
    ],
    "train_loss": [
        2.6243839263916016,
        0.5203325152397156,
        0.7488625049591064,
        0.36374330520629883
    ],
    "val_loss": [],
    "train_r2": [
        -0.6945896037747035,
        -0.08062884590317099,
        0.29071826238980447,
        0.3875449227142115
    ],
    "val_r2": [],
    "learning_rate": [
        0.001,
        0.001,
        0.001,
        0.001
    ],
    "cpu_usage": [
        16.3,
        13.6,
        14.2,
        15.8
    ],
    "memory_usage": [
        6.2,
        6.2,
        6.2,
        6.2
    ],
    "gpu_usage": [
        6,
        7,
        0,
        4
    ],
    "gpu_memory": [
        100.0,
        96.21391174270755,
        83.22520343083352,
        83.22520343083352
    ]
}