{
    "step": [
        0,
        10,
        20
    ],
    "train_loss": [
        2.6243839263916016,
        0.5203325152397156,
        0.7488625049591064
    ],
    "val_loss": [],
    "train_r2": [
        -0.6945896037747035,
        -0.08062884590317099,
        0.29071826238980447
    ],
    "val_r2": [],
    "learning_rate": [
        0.001,
        0.001,
        0.001
    ],
    "cpu_usage": [
        16.2,
        13.8,
        15.1
    ],
    "memory_usage": [
        5.7,
        5.8,
        5.8
    ],
    "gpu_usage": [
        82,
        45,
        89
    ],
    "gpu_memory": [
        100.0,
        83.79288541895755,
        83.22520343083352
    ]
}