{
    "step": [
        0,
        10
    ],
    "train_loss": [
        2.6243839263916016,
        0.5203325152397156
    ],
    "val_loss": [],
    "train_r2": [
        -0.6945896037747035,
        -0.08062884590317099
    ],
    "val_r2": [],
    "learning_rate": [
        0.001,
        0.001
    ],
    "cpu_usage": [
        16.3,
        13.6
    ],
    "memory_usage": [
        6.2,
        6.2
    ],
    "gpu_usage": [
        6,
        7
    ],
    "gpu_memory": [
        100.0,
        96.21391174270755
    ]
}