{
    "step": [
        0,
        10,
        20,
        30,
        40,
        50,
        60,
        70,
        80,
        90,
        100,
        110,
        120,
        130,
        140,
        150,
        160
    ],
    "train_loss": [
        2.6243839263916016,
        0.5203325152397156,
        0.7488625049591064,
        0.36374330520629883,
        0.21806272864341736,
        0.3863116502761841,
        0.13812628388404846,
        0.2812332808971405,
        0.11299465596675873,
        0.25911715626716614,
        0.3149835467338562,
        0.23304179310798645,
        0.1735130250453949,
        0.132894366979599,
        0.20346751809120178,
        0.1223645806312561,
        0.13017968833446503
    ],
    "val_loss": [],
    "train_r2": [
        -0.6945896037747035,
        -0.08062884590317099,
        0.29071826238980447,
        0.3875449227142115,
        0.4874359192771671,
        0.5515569479291225,
        0.6139159114705703,
        0.6488070870090216,
        0.6771374278245625,
        0.6982199111239493,
        0.7159850437272921,
        0.7341411046188977,
        0.7479718722435242,
        0.7620926334876927,
        0.7719161281282167,
        0.7841443891533887,
        0.7917501230270487
    ],
    "val_r2": [],
    "learning_rate": [
        0.001,
        0.001,
        0.001,
        0.001,
        0.001,
        0.001,
        0.001,
        0.001,
        0.001,
        0.001,
        0.001,
        0.001,
        0.001,
        0.001,
        0.001,
        0.001,
        0.001
    ],
    "cpu_usage": [
        0,
        0,
        0,
        0,
        0,
        0,
        0,
        0,
        0,
        0,
        0,
        0,
        0,
        0,
        0,
        0,
        0
    ],
    "memory_usage": [
        0,
        0,
        0,
        0,
        0,
        0,
        0,
        0,
        0,
        0,
        0,
        0,
        0,
        0,
        0,
        0,
        0
    ],
    "gpu_usage": [
        0,
        0,
        0,
        0,
        0,
        0,
        0,
        0,
        0,
        0,
        0,
        0,
        0,
        0,
        0,
        0,
        0
    ],
    "gpu_memory": [
        0,
        0,
        0,
        0,
        0,
        0,
        0,
        0,
        0,
        0,
        0,
        0,
        0,
        0,
        0,
        0,
        0
    ]
}