{
    "step": [
        0,
        10,
        20,
        30
    ],
    "train_loss": [
        2.6243839263916016,
        0.5203325152397156,
        0.7488625049591064,
        0.36374330520629883
    ],
    "val_loss": [],
    "train_r2": [
        -0.6945896037747035,
        -0.08062884590317099,
        0.29071826238980447,
        0.3875449227142115
    ],
    "val_r2": [],
    "learning_rate": [
        0.001,
        0.001,
        0.001,
        0.001
    ],
    "cpu_usage": [
        0,
        0,
        0,
        0
    ],
    "memory_usage": [
        0,
        0,
        0,
        0
    ],
    "gpu_usage": [
        0,
        0,
        0,
        0
    ],
    "gpu_memory": [
        0,
        0,
        0,
        0
    ]
}