{
    "log_L": {
        "mean": 1.9121030222172186,
        "std": 1.97192146073032
    },
    "log10_age": {
        "mean": 7.960481381590863,
        "std": 1.4491157386466074
    },
    "log_Teff": {
        "mean": 4.110381112281722,
        "std": 0.3149910869866205
    },
    "[Fe/H]": {
        "mean": -1.4155109375,
        "std": 1.3317576338031147
    },
    "log10_mass": {
        "mean": 0.451189832323886,
        "std": 0.5852872869234558
    }
}