{
    "train_loss": [
        0.0034169338652312664,
        0.00026726640473163064,
        0.00012860861941831116,
        0.00010008994462399412,
        4.792348441159604e-05
    ],
    "val_loss": [
        1.4530471870801063e-05,
        9.867010516288809e-06,
        0.0001200847505566842,
        4.7310267304856966e-05,
        9.540496793295548e-05
    ],
    "train_r2": [],
    "val_r2": [
        0.9864432215690613,
        0.990217387676239,
        0.980880618095398,
        0.9880613684654236,
        0.979362428188324
    ],
    "lr": [
        0.001,
        0.0008536998372026805,
        0.0005005000000000001,
        0.00014730016279731955,
        1e-06
    ]
}